Modelo,Acurácia média,Acurácia mediana,Acurácia mínima,Acurácia máxima,Desvio padrão
Perceptron,0.62175125,0.623,0.5939375,0.63825,0.008694300306091347
ADALINE,0.565610625,0.5648749999999998,0.538125,0.588125,0.010955117436471188
MLP,0.44971937500000003,0.46762499999999996,0.015375,0.511875,0.06982726315198723
