Modelo,Acurácia média,Acurácia mediana,Acurácia mínima,Acurácia máxima,Desvio padrão
Perceptron,0.6229362500000001,0.62365625,0.6056250000000001,0.6440625,0.008655457905997812
ADALINE,0.5660000000000001,0.5666249999999999,0.5388125,0.5875000000000001,0.01044584995345041
MLP,0.457269375,0.4779375,0.1836875,0.510375,0.058834653568682414
