Modelo,Acurácia média,Acurácia mediana,Acurácia mínima,Acurácia máxima,Desvio padrão
Perceptron,0.623749375,0.6225937500000001,0.6034375,0.6468125,0.009346968488332191
ADALINE,0.567223125,0.567375,0.5424375000000001,0.5925,0.011754720644144418
MLP,0.46019875,0.47446874999999994,0.1013125,0.5074375,0.05711334972830345
